child_coverage,COUNT,PERCENT
0,5337615,67.501056598
1,2569839,32.498943402
