coverage_legal,COUNT,PERCENT
0,604802,17.867230491
1,2780177,82.132769509
