coverage_65,COUNT,PERCENT
0,273771,10.054756113
1,2449030,89.945243887
