period,coefficient_men,coefficient_women
55,1.0780365063,0.8963459811
54,1.0929231796,0.8782039069
53,1.096166404,0.8770396431
52,1.0944614442,0.8741552906
